SEX,AGE,POPESTIMATE2010,POPESTIMATE2011,POPESTIMATE2012,POPESTIMATE2013,POPESTIMATE2014
A,0,"3,951,330","3,963,071","3,926,665","3,945,610","3,948,350"
A,1,"3,957,888","3,966,510","3,978,006","3,943,077","3,962,123"
A,2,"4,090,862","3,971,573","3,979,952","3,992,690","3,957,772"
A,3,"4,111,920","4,102,501","3,983,049","3,992,425","4,005,190"
A,4,"4,077,552","4,122,303","4,112,638","3,994,047","4,003,448"
A,5,"4,064,653","4,087,713","4,132,210","4,123,408","4,004,858"
A,6,"4,073,013","4,074,979","4,097,780","4,143,094","4,134,352"
A,7,"4,043,047","4,083,240","4,084,964","4,108,615","4,154,000"
A,8,"4,025,604","4,053,206","4,093,213","4,095,827","4,119,524"
A,9,"4,125,415","4,035,769","4,063,193","4,104,133","4,106,832"
A,10,"4,187,063","4,135,617","4,045,840","4,074,206","4,115,254"
A,11,"4,115,511","4,197,472","4,145,919","4,057,128","4,085,636"
A,12,"4,113,280","4,126,168","4,208,013","4,157,449","4,068,790"
A,13,"4,119,666","4,124,244","4,136,951","4,219,776","4,169,346"
A,14,"4,145,614","4,131,487","4,135,749","4,149,559","4,232,480"
A,15,"4,231,003","4,158,977","4,144,326","4,149,781","4,163,723"
A,16,"4,313,252","4,247,472","4,174,855","4,161,624","4,167,234"
A,17,"4,376,368","4,334,957","4,268,503","4,197,758","4,184,706"
A,18,"4,491,005","4,402,634","4,360,345","4,296,134","4,225,590"
A,19,"4,571,385","4,520,683","4,430,960","4,390,087","4,326,394"
A,20,"4,568,470","4,600,421","4,550,552","4,459,958","4,418,887"
A,21,"4,387,914","4,596,145","4,633,178","4,580,949","4,489,746"
A,22,"4,286,987","4,415,297","4,628,678","4,666,392","4,612,322"
A,23,"4,217,221","4,314,751","4,447,266","4,661,403","4,698,584"
A,24,"4,243,589","4,244,542","4,346,226","4,479,243","4,692,635"
A,25,"4,289,424","4,269,956","4,275,655","4,377,385","4,509,594"
A,26,"4,160,810","4,313,805","4,299,059","4,305,217","4,406,472"
A,27,"4,237,010","4,183,474","4,340,038","4,326,704","4,332,545"
A,28,"4,247,540","4,258,146","4,207,330","4,364,812","4,351,851"
A,29,"4,210,285","4,266,588","4,280,142","4,230,048","4,387,476"
A,30,"4,304,244","4,227,415","4,285,874","4,300,627","4,250,780"
A,31,"4,042,507","4,319,572","4,244,611","4,303,694","4,318,706"
A,32,"3,967,603","4,055,955","4,335,235","4,261,256","4,320,072"
A,33,"3,933,570","3,980,018","4,069,723","4,349,928","4,276,113"
A,34,"3,822,188","3,944,620","3,992,611","4,082,539","4,362,895"
A,35,"3,948,318","3,832,502","3,955,942","4,004,456","4,094,039"
A,36,"3,830,202","3,957,029","3,842,263","3,965,564","4,014,413"
A,37,"3,896,776","3,837,814","3,965,664","3,851,119","3,974,190"
A,38,"4,080,229","3,903,277","3,845,503","3,973,390","3,859,181"
A,39,"4,324,460","4,085,771","3,909,207","3,851,949","3,979,827"
A,40,"4,387,483","4,327,743","4,090,134","3,913,982","3,856,888"
A,41,"4,163,470","4,388,941","4,330,257","4,093,483","3,917,413"
A,42,"4,082,733","4,164,004","4,390,026","4,331,851","4,095,929"
A,43,"4,093,841","4,082,479","4,164,073","4,389,840","4,332,491"
A,44,"4,178,501","4,092,604","4,081,719","4,163,387","4,388,762"
A,45,"4,438,551","4,175,439","4,090,411","4,079,605","4,161,450"
A,46,"4,529,712","4,433,594","4,171,208","4,086,799","4,076,237"
A,47,"4,535,464","4,522,493","4,427,137","4,165,962","4,082,150"
A,48,"4,534,669","4,526,007","4,513,643","4,418,934","4,158,996"
A,49,"4,599,102","4,523,366","4,515,116","4,503,246","4,409,209"
A,50,"4,646,251","4,585,728","4,510,701","4,502,720","4,491,431"
A,51,"4,498,994","4,631,187","4,570,693","4,496,145","4,488,666"
A,52,"4,480,630","4,482,274","4,613,986","4,553,710","4,480,175"
A,53,"4,439,422","4,462,028","4,463,630","4,595,211","4,535,748"
A,54,"4,288,475","4,419,019","4,441,593","4,443,510","4,574,789"
A,55,"4,259,012","4,266,705","4,396,537","4,419,299","4,421,625"
A,56,"4,093,161","4,236,097","4,243,307","4,372,416","4,395,471"
A,57,"3,946,548","4,069,059","4,211,174","4,218,311","4,347,179"
A,58,"3,802,467","3,921,318","4,043,248","4,184,160","4,191,757"
A,59,"3,694,276","3,776,136","3,894,493","4,015,049","4,155,417"
A,60,"3,616,733","3,667,142","3,748,044","3,865,188","3,985,367"
A,61,"3,520,121","3,588,516","3,637,748","3,717,715","3,834,428"
A,62,"3,495,073","3,489,637","3,557,701","3,605,936","3,685,822"
A,63,"3,652,174","3,461,414","3,456,782","3,523,891","3,572,379"
A,64,"2,706,063","3,614,400","3,425,920","3,421,079","3,488,136"
A,65,"2,678,532","2,675,970","3,574,806","3,388,166","3,384,449"
A,66,"2,621,346","2,646,389","2,644,091","3,531,557","3,347,776"
A,67,"2,693,709","2,586,335","2,612,156","2,609,726","3,485,502"
A,68,"2,359,819","2,654,140","2,548,804","2,574,784","2,572,527"
A,69,"2,167,833","2,321,963","2,612,207","2,508,782","2,535,012"
A,70,"2,062,581","2,129,733","2,282,169","2,567,340","2,466,485"
A,71,"1,953,614","2,023,019","2,090,057","2,239,534","2,519,748"
A,72,"1,883,821","1,912,459","1,981,768","2,047,549","2,194,234"
A,73,"1,750,309","1,840,179","1,869,510","1,937,455","2,002,191"
A,74,"1,685,999","1,705,665","1,794,816","1,823,535","1,890,366"
A,75,"1,631,879","1,638,735","1,659,415","1,746,314","1,774,697"
A,76,"1,481,683","1,581,387","1,589,617","1,609,791","1,694,648"
A,77,"1,449,173","1,430,885","1,529,072","1,537,153","1,557,239"
A,78,"1,402,184","1,394,601","1,378,456","1,473,161","1,481,505"
A,79,"1,354,913","1,343,759","1,338,342","1,322,661","1,414,235"
A,80,"1,319,725","1,292,479","1,283,654","1,278,653","1,264,072"
A,81,"1,212,603","1,252,515","1,228,370","1,219,980","1,216,009"
A,82,"1,158,352","1,143,972","1,183,753","1,160,857","1,153,634"
A,83,"1,081,442","1,085,393","1,073,879","1,111,333","1,090,465"
A,84,"987,026","1,005,439","1,011,221","1,000,403","1,036,186"
A,85,"915,015","909,449","928,851","934,211","924,969"
A,86,"821,550","835,003","832,128","850,026","855,696"
A,87,"721,195","741,557","756,235","753,560","770,685"
A,88,"636,657","643,272","663,894","677,229","675,487"
A,89,"546,193","560,102","568,779","587,159","599,834"
A,90,"448,323","473,899","488,100","496,118","512,845"
A,91,"344,443","382,686","407,002","419,045","426,946"
A,92,"288,841","289,272","323,068","344,040","354,532"
A,93,"219,063","238,069","240,255","268,022","286,333"
A,94,"170,775","176,699","193,908","196,079","218,655"
A,95,"131,077","135,059","140,737","154,790","157,124"
A,96,"97,161","101,256","105,454","109,697","121,184"
A,97,"68,893","73,279","77,180","80,524","83,731"
A,98,"47,037","50,665","54,530","57,453","60,185"
A,99,"32,178","33,641","36,780","39,606","41,828"
A,100,"54,409","57,703","61,845","66,748","72,197"
M,0,"2,018,420","2,028,434","2,007,693","2,015,537","2,017,857"
M,1,"2,020,332","2,025,493","2,035,380","2,015,352","2,023,253"
M,2,"2,088,685","2,026,975","2,032,008","2,042,522","2,022,502"
M,3,"2,101,272","2,094,310","2,032,562","2,038,085","2,048,618"
M,4,"2,084,312","2,106,354","2,099,244","2,037,953","2,043,498"
M,5,"2,076,573","2,089,461","2,111,381","2,104,725","2,043,467"
M,6,"2,079,410","2,081,802","2,094,576","2,116,922","2,110,328"
M,7,"2,063,139","2,084,356","2,086,621","2,099,841","2,122,240"
M,8,"2,054,462","2,067,977","2,089,102","2,091,869","2,105,122"
M,9,"2,107,037","2,059,312","2,072,752","2,094,425","2,097,272"
M,10,"2,142,168","2,111,886","2,064,128","2,078,108","2,099,874"
M,11,"2,104,797","2,147,112","2,116,780","2,069,595","2,083,687"
M,12,"2,103,650","2,109,811","2,152,093","2,122,312","2,075,243"
M,13,"2,104,949","2,108,976","2,115,010","2,157,858","2,128,187"
M,14,"2,122,913","2,110,785","2,114,607","2,121,285","2,164,228"
M,15,"2,170,442","2,129,579","2,117,125","2,121,660","2,128,424"
M,16,"2,215,032","2,179,123","2,137,897","2,126,276","2,130,938"
M,17,"2,252,838","2,226,783","2,190,437","2,150,277","2,138,809"
M,18,"2,305,733","2,266,716","2,240,121","2,205,027","2,165,062"
M,19,"2,334,906","2,321,580","2,281,573","2,255,477","2,220,790"
M,20,"2,331,846","2,350,022","2,337,541","2,296,103","2,269,570"
M,21,"2,241,095","2,345,467","2,368,174","2,352,872","2,310,734"
M,22,"2,188,228","2,253,415","2,362,560","2,385,044","2,367,842"
M,23,"2,151,095","2,199,885","2,269,242","2,378,020","2,399,883"
M,24,"2,161,380","2,162,004","2,214,632","2,283,478","2,391,398"
M,25,"2,177,171","2,171,072","2,176,181","2,227,806","2,295,836"
M,26,"2,102,375","2,185,901","2,184,318","2,188,750","2,240,026"
M,27,"2,135,214","2,110,648","2,197,584","2,196,457","2,200,429"
M,28,"2,135,020","2,142,935","2,121,224","2,208,102","2,207,185"
M,29,"2,112,348","2,142,142","2,153,004","2,131,034","2,217,913"
M,30,"2,167,540","2,118,884","2,150,930","2,161,949","2,140,108"
M,31,"2,026,467","2,173,437","2,126,666","2,158,691","2,169,725"
M,32,"1,986,185","2,031,439","2,180,655","2,134,119","2,165,840"
M,33,"1,963,676","1,990,895","2,037,597","2,187,122","2,140,697"
M,34,"1,908,761","1,967,591","1,996,443","2,042,822","2,192,455"
M,35,"1,974,660","1,912,408","1,972,476","2,001,196","2,047,326"
M,36,"1,907,447","1,977,556","1,916,441","1,976,017","2,004,990"
M,37,"1,934,572","1,909,891","1,981,177","1,919,755","1,979,035"
M,38,"2,028,088","1,936,430","1,913,007","1,983,827","1,922,571"
M,39,"2,148,755","2,029,620","1,938,450","1,915,150","1,985,914"
M,40,"2,189,556","2,148,816","2,030,700","1,939,565","1,916,261"
M,41,"2,073,925","2,188,440","2,148,912","2,031,098","1,939,916"
M,42,"2,031,830","2,072,644","2,187,877","2,148,528","2,031,325"
M,43,"2,031,012","2,030,258","2,071,530","2,186,337","2,147,656"
M,44,"2,074,606","2,028,884","2,028,587","2,069,691","2,184,235"
M,45,"2,201,934","2,071,315","2,026,505","2,025,995","2,067,223"
M,46,"2,238,804","2,197,676","2,067,816","2,023,165","2,022,698"
M,47,"2,237,972","2,233,282","2,192,918","2,063,499","2,019,306"
M,48,"2,235,326","2,231,035","2,226,963","2,186,890","2,058,243"
M,49,"2,262,482","2,227,361","2,223,569","2,219,697","2,179,993"
M,50,"2,290,902","2,253,317","2,218,886","2,215,048","2,211,607"
M,51,"2,209,830","2,280,590","2,243,135","2,208,963","2,205,405"
M,52,"2,197,222","2,198,558","2,269,096","2,231,681","2,198,124"
M,53,"2,170,965","2,184,619","2,186,145","2,256,425","2,219,617"
M,54,"2,091,677","2,157,278","2,171,174","2,172,782","2,242,828"
M,55,"2,075,250","2,077,204","2,142,478","2,156,419","2,158,258"
M,56,"1,984,480","2,059,951","2,061,826","2,126,682","2,140,722"
M,57,"1,910,028","1,968,594","2,043,497","2,045,443","2,110,149"
M,58,"1,838,703","1,893,322","1,951,737","2,025,729","2,027,959"
M,59,"1,779,504","1,821,406","1,875,818","1,933,300","2,006,900"
M,60,"1,742,232","1,761,705","1,803,148","1,856,807","1,914,009"
M,61,"1,691,413","1,724,070","1,742,764","1,783,687","1,837,080"
M,62,"1,679,074","1,672,358","1,704,587","1,722,694","1,763,504"
M,63,"1,753,914","1,658,251","1,652,135","1,683,500","1,701,827"
M,64,"1,291,843","1,730,967","1,636,589","1,630,078","1,661,474"
M,65,"1,272,693","1,273,438","1,706,913","1,613,480","1,607,688"
M,66,"1,239,805","1,253,330","1,254,189","1,680,827","1,589,127"
M,67,"1,270,148","1,219,019","1,232,744","1,233,519","1,653,257"
M,68,"1,105,702","1,246,793","1,196,885","1,210,686","1,211,480"
M,69,"1,006,786","1,083,669","1,222,415","1,173,646","1,187,554"
M,70,"954,076","984,951","1,060,914","1,196,554","1,149,247"
M,71,"903,263","931,583","962,369","1,036,549","1,169,356"
M,72,"862,528","879,983","908,290","938,375","1,010,896"
M,73,"794,646","838,115","855,862","883,491","913,008"
M,74,"758,831","770,008","812,997","830,315","857,432"
M,75,"725,664","733,029","744,698","786,381","803,434"
M,76,"653,551","698,498","706,528","717,882","758,378"
M,77,"630,867","626,578","670,716","678,575","689,822"
M,78,"602,774","602,296","599,030","641,341","649,209"
M,79,"573,884","572,622","573,208","570,077","610,723"
M,80,"549,215","542,198","542,008","542,740","540,032"
M,81,"496,069","515,677","510,046","509,963","511,090"
M,82,"462,807","462,452","481,848","476,664","476,976"
M,83,"423,000","427,993","428,735","446,891","442,449"
M,84,"375,687","387,657","393,312","394,125","411,265"
M,85,"337,662","340,765","352,802","358,083","359,264"
M,86,"295,395","302,907","306,774","317,778","322,934"
M,87,"253,620","261,743","269,529","273,066","283,305"
M,88,"216,220","221,788","229,893","236,872","240,316"
M,89,"180,461","186,142","192,164","199,244","205,684"
M,90,"141,398","153,043","158,653","164,052","170,350"
M,91,"104,291","117,735","128,430","133,073","138,080"
M,92,"83,462","85,350","96,898","105,934","109,873"
M,93,"60,182","66,904","69,076","78,273","85,980"
M,94,"43,828","47,169","52,992","54,883","62,130"
M,95,"31,736","33,611","36,517","41,098","42,824"
M,96,"22,022","23,798","25,457","27,630","31,235"
M,97,"14,775","16,115","17,623","18,831","20,479"
M,98,"9,504","10,555","11,654","12,750","13,649"
M,99,"6,104","6,607","7,459","8,228","9,037"
M,100,"9,351","10,146","11,161","12,369","13,729"
F,0,"1,932,910","1,934,637","1,918,972","1,930,073","1,930,493"
F,1,"1,937,556","1,941,017","1,942,626","1,927,725","1,938,870"
F,2,"2,002,177","1,944,598","1,947,944","1,950,168","1,935,270"
F,3,"2,010,648","2,008,191","1,950,487","1,954,340","1,956,572"
F,4,"1,993,240","2,015,949","2,013,394","1,956,094","1,959,950"
F,5,"1,988,080","1,998,252","2,020,829","2,018,683","1,961,391"
F,6,"1,993,603","1,993,177","2,003,204","2,026,172","2,024,024"
F,7,"1,979,908","1,998,884","1,998,343","2,008,774","2,031,760"
F,8,"1,971,142","1,985,229","2,004,111","2,003,958","2,014,402"
F,9,"2,018,378","1,976,457","1,990,441","2,009,708","2,009,560"
F,10,"2,044,895","2,023,731","1,981,712","1,996,098","2,015,380"
F,11,"2,010,714","2,050,360","2,029,139","1,987,533","2,001,949"
F,12,"2,009,630","2,016,357","2,055,920","2,035,137","1,993,547"
F,13,"2,014,717","2,015,268","2,021,941","2,061,918","2,041,159"
F,14,"2,022,701","2,020,702","2,021,142","2,028,274","2,068,252"
F,15,"2,060,561","2,029,398","2,027,201","2,028,121","2,035,299"
F,16,"2,098,220","2,068,349","2,036,958","2,035,348","2,036,296"
F,17,"2,123,530","2,108,174","2,078,066","2,047,481","2,045,897"
F,18,"2,185,272","2,135,918","2,120,224","2,091,107","2,060,528"
F,19,"2,236,479","2,199,103","2,149,387","2,134,610","2,105,604"
F,20,"2,236,624","2,250,399","2,213,011","2,163,855","2,149,317"
F,21,"2,146,819","2,250,678","2,265,004","2,228,077","2,179,012"
F,22,"2,098,759","2,161,882","2,266,118","2,281,348","2,244,480"
F,23,"2,066,126","2,114,866","2,178,024","2,283,383","2,298,701"
F,24,"2,082,209","2,082,538","2,131,594","2,195,765","2,301,237"
F,25,"2,112,253","2,098,884","2,099,474","2,149,579","2,213,758"
F,26,"2,058,435","2,127,904","2,114,741","2,116,467","2,166,446"
F,27,"2,101,796","2,072,826","2,142,454","2,130,247","2,132,116"
F,28,"2,112,520","2,115,211","2,086,106","2,156,710","2,144,666"
F,29,"2,097,937","2,124,446","2,127,138","2,099,014","2,169,563"
F,30,"2,136,704","2,108,531","2,134,944","2,138,678","2,110,672"
F,31,"2,016,040","2,146,135","2,117,945","2,145,003","2,148,981"
F,32,"1,981,418","2,024,516","2,154,580","2,127,137","2,154,232"
F,33,"1,969,894","1,989,123","2,032,126","2,162,806","2,135,416"
F,34,"1,913,427","1,977,029","1,996,168","2,039,717","2,170,440"
F,35,"1,973,658","1,920,094","1,983,466","2,003,260","2,046,713"
F,36,"1,922,755","1,979,473","1,925,822","1,989,547","2,009,423"
F,37,"1,962,204","1,927,923","1,984,487","1,931,364","1,995,155"
F,38,"2,052,141","1,966,847","1,932,496","1,989,563","1,936,610"
F,39,"2,175,705","2,056,151","1,970,757","1,936,799","1,993,913"
F,40,"2,197,927","2,178,927","2,059,434","1,974,417","1,940,627"
F,41,"2,089,545","2,200,501","2,181,345","2,062,385","1,977,497"
F,42,"2,050,903","2,091,360","2,202,149","2,183,323","2,064,604"
F,43,"2,062,829","2,052,221","2,092,543","2,203,503","2,184,835"
F,44,"2,103,895","2,063,720","2,053,132","2,093,696","2,204,527"
F,45,"2,236,617","2,104,124","2,063,906","2,053,610","2,094,227"
F,46,"2,290,908","2,235,918","2,103,392","2,063,634","2,053,539"
F,47,"2,297,492","2,289,211","2,234,219","2,102,463","2,062,844"
F,48,"2,299,343","2,294,972","2,286,680","2,232,044","2,100,753"
F,49,"2,336,620","2,296,005","2,291,547","2,283,549","2,229,216"
F,50,"2,355,349","2,332,411","2,291,815","2,287,672","2,279,824"
F,51,"2,289,164","2,350,597","2,327,558","2,287,182","2,283,261"
F,52,"2,283,408","2,283,716","2,344,890","2,322,029","2,282,051"
F,53,"2,268,457","2,277,409","2,277,485","2,338,786","2,316,131"
F,54,"2,196,798","2,261,741","2,270,419","2,270,728","2,331,961"
F,55,"2,183,762","2,189,501","2,254,059","2,262,880","2,263,367"
F,56,"2,108,681","2,176,146","2,181,481","2,245,734","2,254,749"
F,57,"2,036,520","2,100,465","2,167,677","2,172,868","2,237,030"
F,58,"1,963,764","2,027,996","2,091,511","2,158,431","2,163,798"
F,59,"1,914,772","1,954,730","2,018,675","2,081,749","2,148,517"
F,60,"1,874,501","1,905,437","1,944,896","2,008,381","2,071,358"
F,61,"1,828,708","1,864,446","1,894,984","1,934,028","1,997,348"
F,62,"1,815,999","1,817,279","1,853,114","1,883,242","1,922,318"
F,63,"1,898,260","1,803,163","1,804,647","1,840,391","1,870,552"
F,64,"1,414,220","1,883,433","1,789,331","1,791,001","1,826,662"
F,65,"1,405,839","1,402,532","1,867,893","1,774,686","1,776,761"
F,66,"1,381,541","1,393,059","1,389,902","1,850,730","1,758,649"
F,67,"1,423,561","1,367,316","1,379,412","1,376,207","1,832,245"
F,68,"1,254,117","1,407,347","1,351,919","1,364,098","1,361,047"
F,69,"1,161,047","1,238,294","1,389,792","1,335,136","1,347,458"
F,70,"1,108,505","1,144,782","1,221,255","1,370,786","1,317,238"
F,71,"1,050,351","1,091,436","1,127,688","1,202,985","1,350,392"
F,72,"1,021,293","1,032,476","1,073,478","1,109,174","1,183,338"
F,73,"955,663","1,002,064","1,013,648","1,053,964","1,089,183"
F,74,"927,168","935,657","981,819","993,220","1,032,934"
F,75,"906,215","905,706","914,717","959,933","971,263"
F,76,"828,132","882,889","883,089","891,909","936,270"
F,77,"818,306","804,307","858,356","858,578","867,417"
F,78,"799,410","792,305","779,426","831,820","832,296"
F,79,"781,029","771,137","765,134","752,584","803,512"
F,80,"770,510","750,281","741,646","735,913","724,040"
F,81,"716,534","736,838","718,324","710,017","704,919"
F,82,"695,545","681,520","701,905","684,193","676,658"
F,83,"658,442","657,400","645,144","664,442","648,016"
F,84,"611,339","617,782","617,909","606,278","624,921"
F,85,"577,353","568,684","576,049","576,128","565,705"
F,86,"526,155","532,096","525,354","532,248","532,762"
F,87,"467,575","479,814","486,706","480,494","487,380"
F,88,"420,437","421,484","434,001","440,357","435,171"
F,89,"365,732","373,960","376,615","387,915","394,150"
F,90,"306,925","320,856","329,447","332,066","342,495"
F,91,"240,152","264,951","278,572","285,972","288,866"
F,92,"205,379","203,922","226,170","238,106","244,659"
F,93,"158,881","171,165","171,179","189,749","200,353"
F,94,"126,947","129,530","140,916","141,196","156,525"
F,95,"99,341","101,448","104,220","113,692","114,300"
F,96,"75,139","77,458","79,997","82,067","89,949"
F,97,"54,118","57,164","59,557","61,693","63,252"
F,98,"37,533","40,110","42,876","44,703","46,536"
F,99,"26,074","27,034","29,321","31,378","32,791"
F,100,"45,058","47,557","50,684","54,379","58,468"
